CLE;V_CAL;V_KAA;V_RHG;V_VAAM
1;0.16667;0.50000;1.58333;1.91667
2;0.08333;1.41667;3.58333;12.66667
3;0.08333;0.58333;6.16667;5.66667
4;0.25000;13.66667;11.25000;7.75000
5;0.00000;0.57143;2.14286;1.42857
6;0.83333;3.94444;4.77778;5.88889
7;0.00000;0.16667;0.00000;3.16667
8;0.00000;0.33333;0.25000;0.75000
9;0.00000;0.00000;0.00000;2.16667
10;0.00000;0.16667;0.00000;4.50000
11;0.00000;43.83333;1.00000;12.50000
12;0.00000;15.00000;5.83333;16.33333
13;0.05556;9.50000;2.83333;11.00000
14;6.91667;9.75000;5.00000;8.08333
15;0.00000;1.05556;2.00000;2.38889
16;0.16667;2.11111;11.38889;4.33333
17;0.00000;10.20000;3.40000;7.00000
18;1.08333;1.25000;3.50000;2.41667
19;0.00000;2.41176;0.35294;6.35294
20;5.00000;3.33333;10.16667;14.50000
21;1.42857;6.07143;2.71429;4.41429
22;0.00000;3.00000;5.50000;4.66667
23;0.00000;13.20000;0.20000;10.40000
24;1.55882;1.79412;1.91176;2.88235
25;2.75000;16.33333;10.83333;6.16667
26;1.52632;19.76316;6.10526;9.15789
27;0.30000;15.20000;6.90000;10.10000
28;0.29412;5.29412;6.35294;10.23529
29;1.32000;10.72000;10.76000;7.72000
30;0.00000;3.33333;6.83333;6.72222
31;0.00000;6.25000;4.16667;6.16667
32;0.07692;6.23077;14.61538;8.61538
33;1.27907;5.72093;7.37209;5.46512
34;3.57143;10.92857;4.50000;9.50000
35;1.58333;5.75000;6.00000;7.83333
36;0.00000;4.20000;4.40000;12.20000
37;2.66667;10.94444;7.77778;10.50000
38;0.00000;39.83333;3.16667;17.50000
39;0.00000;1.58333;6.16667;9.91667
40;1.24691;4.14815;10.82716;5.67901
41;0.34821;2.80357;7.45536;5.30357
42;0.00000;0.00000;2.66667;3.16667
43;0.00000;1.15385;6.92308;1.46154
44;1.07143;3.71429;13.57143;6.28571
45;0.08333;14.83333;3.75000;12.66667
46;0.00000;20.16667;3.33333;19.66667
47;1.25000;1.25000;7.33333;4.83333
48;0.16667;6.25000;12.91667;6.83333
49;1.00000;6.61111;9.11111;7.94444
50;0.05556;3.61111;13.61111;3.16667
51;0.85714;3.85714;24.57143;8.28571
52;3.75000;6.00000;9.00000;9.75000
53;0.06667;20.80000;15.20000;30.66667
54;6.00000;10.50000;26.80000;13.80000
55;0.00000;11.16667;3.00000;10.33333
56;0.00000;2.28571;2.57143;6.00000
57;5.38462;40.92308;3.07692;13.46154
58;0.00000;5.92857;2.85714;7.71429
59;3.04545;9.00000;9.36364;8.09091
60;1.52174;19.21739;5.69565;21.82609
61;1.00000;2.66667;44.33333;11.16667
62;0.00000;1.41667;3.00000;2.33333
63;0.00000;5.59259;1.74074;8.51852
64;0.17647;12.05882;6.94118;13.23529
65;0.00000;12.85714;12.28571;7.14286
66;2.29412;4.00000;18.52941;12.47059
67;0.93750;4.56250;11.18750;8.87500
68;0.16667;19.27778;2.55556;7.55556
69;0.33333;8.83333;6.33333;9.58333
70;0.00000;0.16667;0.33333;1.00000
71;0.76923;9.15385;10.61538;7.38462
72;0.00000;29.71429;4.71429;12.00000
73;4.16667;4.25000;4.00000;6.08333
74;0.00000;0.36842;4.00000;1.57895
75;0.00000;2.50000;3.00000;1.00000
76;0.00000;0.08333;0.25000;1.66667
77;0.00000;27.00000;12.00000;17.00000
78;0.00000;1.94444;6.11111;10.05556
79;0.00000;28.50000;6.33333;23.66667
80;0.00000;0.16667;0.50000;0.66667
81;0.00000;0.25000;0.25000;2.08333
82;0.00000;11.00000;3.50000;33.33333
83;0.00000;5.50000;2.50000;12.83333
84;0.00000;13.83333;8.16667;33.83333
85;0.00000;13.50000;28.33333;51.16667
86;0.00000;3.00000;3.50000;6.83333
87;0.00000;4.08333;9.83333;13.16667
88;0.00000;0.75000;0.58333;5.58333
89;2.50000;3.33333;4.08333;4.83333
90;0.00000;28.16667;13.66667;11.00000
91;0.60000;37.80000;17.00000;8.00000
92;3.00000;19.83333;10.50000;26.50000
93;8.33333;14.66667;1.33333;17.00000
94;0.00000;6.00000;8.83333;7.00000
95;0.50000;40.16667;8.50000;12.00000
96;0.00000;6.75000;6.41667;6.00000
97;0.00000;7.16667;1.00000;12.16667
98;0.00000;11.00000;11.33333;10.83333
99;0.00000;9.50000;2.50000;10.66667
100;2.50000;14.33333;8.00000;11.66667
101;5.00000;12.00000;17.16667;24.50000
102;3.16667;11.00000;8.50000;18.00000
103;0.00000;13.66667;3.66667;5.33333
104;0.50000;16.00000;17.00000;6.00000
105;0.66667;10.50000;5.00000;7.16667
106;0.00000;10.33333;1.16667;5.33333
107;0.66667;15.00000;18.66667;6.33333
108;0.00000;4.80000;10.20000;6.00000
109;0.50000;6.33333;23.00000;5.00000
110;0.00000;4.00000;4.16667;5.00000
111;6.00000;22.20000;32.80000;13.20000
112;0.00000;7.66667;8.50000;8.66667
113;2.50000;13.00000;13.66667;19.50000
114;0.50000;10.83333;6.00000;7.50000
115;0.00000;4.00000;6.00000;4.00000
116;0.00000;0.66667;0.66667;3.00000
117;1.50000;8.25000;19.08333;7.16667
118;0.50000;4.83333;6.50000;7.25000
119;3.92308;17.38462;17.61538;7.00000
120;0.00000;6.50000;3.50000;13.66667
121;0.00000;36.00000;8.00000;8.42857
122;3.14286;23.42857;32.71429;24.85714
123;2.50000;11.00000;25.33333;10.66667
124;0.00000;20.00000;13.80000;38.40000
125;0.00000;3.20000;7.20000;3.20000
126;0.25000;11.56250;12.93750;3.87500
127;0.00000;13.80000;1.20000;5.20000
128;0.00000;4.40000;3.60000;2.60000
129;0.00000;2.50000;2.00000;1.66667
130;0.00000;16.20000;12.60000;16.00000
131;0.00000;8.21429;8.57143;4.00000
132;0.00000;17.40000;3.00000;3.20000
133;0.22727;9.13636;24.40909;9.95455
134;0.00000;1.80000;0.20000;4.00000
135;5.00000;7.70000;8.80000;4.10000
136;2.66667;6.00000;7.00000;3.33333
137;0.27273;13.90909;24.72727;17.27273
138;0.00000;3.60000;3.80000;3.60000
139;0.00000;0.00000;0.00000;2.00000
140;0.00000;5.61538;7.07692;20.92308
141;0.16667;11.75000;10.75000;13.16667
142;0.00000;9.50000;3.00000;10.33333
143;0.00000;3.00000;2.66667;4.66667
144;0.00000;13.81818;12.36364;9.54545
145;0.00000;3.16667;8.50000;5.50000
146;0.00000;2.50000;0.00000;7.00000
147;1.50000;3.25000;18.75000;8.83333
148;0.20000;21.00000;4.00000;7.20000
149;0.00000;25.16667;6.16667;25.83333
150;0.00000;0.00000;0.00000;7.80000
151;0.50000;21.50000;16.16667;8.16667
152;0.00000;0.83333;8.83333;1.66667
153;0.00000;6.00000;3.60000;6.00000
154;0.00000;3.20000;0.40000;11.60000
155;0.00000;7.40000;9.60000;8.60000
156;1.80000;10.80000;23.30000;5.80000
157;0.00000;0.00000;0.00000;2.50000
158;0.00000;25.50000;19.66667;18.66667
159;0.00000;17.00000;19.33333;15.25000
160;0.33333;7.75000;13.00000;7.91667
161;0.16667;6.16667;13.50000;6.66667
162;0.00000;14.33333;6.83333;8.00000
163;0.00000;3.00000;2.66667;2.50000
164;0.00000;0.00000;0.00000;0.83333
165;0.00000;1.90000;11.50000;6.00000
166;0.00000;3.60000;0.20000;3.40000
167;0.00000;3.00000;6.80000;2.60000
168;0.00000;0.00000;0.00000;0.80000
169;0.00000;1.20000;0.60000;4.20000
170;0.08333;15.58333;5.75000;4.00000
171;0.00000;7.44444;4.88889;7.66667
172;0.00000;12.36364;14.36364;12.45455
173;0.00000;0.00000;0.20000;2.80000
174;0.00000;0.60000;0.60000;1.20000
175;0.00000;0.00000;0.00000;1.00000
176;0.00000;0.20000;0.00000;1.60000
177;0.00000;5.33333;2.66667;4.86667
178;0.00000;0.20000;1.20000;2.80000
179;0.09091;8.90909;10.81818;9.00000
180;0.00000;9.33333;3.33333;2.33333
181;0.00000;0.00000;0.00000;1.36364
182;0.04762;5.23810;1.33333;7.00000
183;0.20000;1.40000;3.00000;5.20000
184;0.00000;1.20000;0.20000;4.40000
185;0.00000;0.00000;0.00000;1.33333
186;0.00000;11.85714;6.85714;16.71429
187;0.00000;1.00000;3.00000;3.50000
188;0.00000;0.50000;0.16667;4.66667
189;0.00000;0.09091;0.00000;0.54545
190;0.00000;0.75000;0.08333;1.83333
191;0.00000;0.09091;0.00000;1.63636
192;0.00000;31.16667;11.83333;9.83333
193;0.08333;9.91667;9.08333;6.58333
194;0.00000;10.09091;2.45455;9.90909
195;1.25000;3.75000;2.58333;6.16667
196;0.00000;16.83333;4.16667;11.83333
197;0.00000;23.94118;22.47059;14.11765
198;0.00000;8.29412;4.64706;4.76471
199;3.58333;11.83333;13.66667;10.50000
200;0.00000;7.50000;6.00000;5.83333
201;0.00000;12.80000;4.00000;5.70000
202;0.00000;2.57143;0.28571;1.71429
203;0.00000;6.60000;0.20000;9.20000
204;0.00000;13.20000;3.60000;32.00000
205;0.00000;0.50000;1.70000;2.10000
206;2.50000;14.00000;27.66667;22.66667
207;0.00000;9.50000;2.50000;8.33333
208;0.00000;19.28571;15.85714;16.28571
209;0.60000;11.00000;9.60000;15.40000
210;0.00000;0.20000;0.00000;1.40000
211;0.00000;0.61905;2.76190;3.04762
212;0.00000;0.60000;0.20000;1.60000
213;0.00000;1.93333;0.86667;2.66667
214;0.00000;20.27778;9.66667;22.72222
215;0.00000;40.16667;17.16667;40.50000
216;0.00000;27.23529;16.35294;11.11765
217;0.00000;1.83333;0.33333;25.33333
218;0.00000;9.66667;6.38889;9.72222
219;0.00000;0.66667;3.00000;1.50000
220;0.10000;7.00000;4.90000;7.00000
221;0.00000;4.80000;3.20000;7.60000
222;0.00000;2.93333;1.80000;4.13333
223;0.00000;10.62500;3.50000;4.75000
224;0.08333;3.29167;2.66667;8.75000
225;0.00000;3.91667;3.16667;6.25000
226;0.44444;15.22222;25.88889;14.00000
227;0.00000;6.83333;11.33333;7.58333
228;0.00000;5.81818;8.36364;6.36364
229;2.63158;14.36842;6.47368;21.68421
230;0.00000;19.84211;12.73684;11.05263
231;0.00000;20.91667;7.08333;6.00000
232;0.00000;4.80000;4.60000;20.80000
233;2.50000;29.16667;6.66667;11.50000
234;0.08333;6.25000;5.91667;4.50000
235;0.00000;2.00000;0.63636;3.18182
236;0.00000;22.41667;7.41667;27.33333
237;1.25000;22.16667;11.25000;9.58333
238;0.00000;7.11111;2.27778;2.22222
239;0.00000;0.66667;0.16667;0.00000
240;0.00000;30.93333;12.00000;12.06667
241;0.00000;10.00000;4.00000;4.33333
242;0.00000;5.05556;3.66667;4.55556
243;0.00000;15.66667;3.95833;11.75000
244;0.00000;12.83333;8.58333;8.58333
245;0.00000;0.33333;0.00000;0.33333
246;0.50000;21.83333;16.50000;11.66667
247;0.00000;1.16667;0.33333;1.33333
248;0.00000;0.12500;0.12500;0.29167
249;0.00000;2.16667;3.25000;2.91667
250;1.63636;4.09091;2.81818;3.54545
251;0.00000;5.03226;1.93548;2.51613
252;0.00000;0.54545;0.18182;5.36364
253;0.00000;0.25000;0.08333;0.50000
254;0.00000;2.50000;5.50000;0.83333
255;0.00000;1.50000;0.00000;0.58333
256;0.00000;0.33333;0.50000;1.00000
257;0.00000;0.50000;0.50000;1.83333
258;0.00000;0.50000;0.50000;0.66667
259;0.00000;0.16667;0.16667;0.66667
260;5.00000;5.16667;1.00000;1.66667
261;14.28571;0.00000;9.42857;4.85714
262;0.14286;0.00000;2.28571;2.57143
263;0.00000;0.23529;0.23529;0.17647
264;0.00000;0.00000;0.05556;1.16667
265;0.00000;0.08333;0.33333;0.58333
266;0.00000;0.00000;0.25000;0.83333
267;0.00000;0.00000;0.00000;0.50000
268;0.00000;0.00000;0.00000;0.16667
269;0.09091;3.27273;1.63636;1.18182
270;0.00000;0.50000;0.16667;0.16667
271;0.00000;0.00000;0.00000;0.33333
272;0.00000;4.50000;2.16667;2.66667
273;0.00000;0.60000;0.60000;0.20000
274;0.00000;0.16667;0.66667;4.50000
275;0.00000;0.00000;0.03571;0.64286
276;0.50000;0.16667;0.50000;0.66667
277;0.00000;0.10345;0.10345;1.75862
278;0.00000;0.00000;0.00000;0.42105
279;0.00000;0.94737;2.94737;1.10526
280;0.00000;0.16667;0.00000;0.38889
281;0.00000;0.09091;0.09091;0.27273
282;0.00000;0.00000;0.06250;0.06250
283;0.00000;0.00000;0.00000;0.50000
284;0.00000;0.00000;0.08333;0.41667
285;0.78947;0.84211;0.94737;1.36842
286;0.00000;0.40000;1.26667;1.33333
287;0.00000;5.50000;0.40000;2.70000
288;0.00000;9.58333;5.25000;3.83333
289;0.00000;0.18750;0.43750;1.87500
290;0.00000;2.17647;0.11765;1.70588
291;0.00000;0.50000;0.00000;0.40000
292;0.00000;0.16667;0.66667;2.16667
293;0.04348;7.00000;2.26087;2.21739
294;0.00000;2.77778;2.55556;1.38889
295;0.16667;27.00000;30.66667;17.66667
296;0.00000;5.50000;19.33333;26.66667
297;0.00000;0.00000;3.80000;1.40000
298;0.00000;4.68000;0.00000;3.52000
299;0.00000;4.08333;0.00000;3.08333
300;0.00000;0.00000;0.00000;0.16667
301;0.00000;0.00000;0.35714;0.78571
302;0.00000;0.07692;0.30769;0.46154
303;0.53333;0.00000;0.30000;0.96667
304;0.14286;0.00000;3.00000;3.28571
305;0.50000;0.00000;3.50000;2.16667
306;1.37500;0.04167;1.37500;1.04167
307;0.00000;0.00000;2.53846;0.07692
308;0.00000;0.00000;0.05000;0.30000
309;0.62963;0.77778;0.85185;3.85185
310;0.06452;0.09677;0.35484;0.70968
311;0.80952;8.30952;13.21429;18.16667
312;1.66667;2.55556;2.55556;14.22222
313;0.08333;0.50000;0.33333;1.33333
314;0.00000;3.25000;0.50000;2.75000
315;0.00000;0.16667;0.16667;3.33333
316;0.00000;1.94595;0.16216;1.21622
317;0.00000;11.33333;2.00000;5.72222
318;1.25000;5.33333;3.58333;3.25000
319;0.00000;8.36364;0.81818;3.72727
320;0.00000;6.33333;0.16667;5.00000
321;0.00000;35.83333;20.00000;3.00000
322;0.00000;23.80000;6.00000;37.00000
323;0.00000;4.22222;0.55556;7.61111
324;0.00000;33.83333;2.41667;12.75000
325;0.00000;10.41667;1.83333;9.25000
326;0.00000;9.23077;0.30769;3.23077
327;0.25000;3.75000;0.75000;16.08333
328;0.00000;15.20000;3.80000;2.00000
329;0.00000;5.50000;3.16667;6.50000
330;0.00000;0.66667;0.16667;1.83333
331;1.25000;18.33333;11.16667;15.41667
332;0.11111;7.30556;5.19444;3.61111
333;0.07692;10.07692;1.84615;8.15385
334;0.42857;44.57143;16.28571;19.71429
335;0.00000;13.50000;1.27778;5.38889
336;0.00000;16.75000;0.83333;12.66667
337;0.17647;8.82353;4.47059;6.82353
338;0.00000;18.00000;3.75000;15.75000
339;0.00000;9.11765;13.41176;8.17647
340;0.03571;16.35714;7.07143;6.32143
341;11.66667;7.00000;7.00000;3.66667
342;2.66667;10.66667;11.50000;2.00000
343;0.35294;13.41176;6.76471;13.17647
344;0.00000;10.15385;5.15385;9.07692
345;0.60000;13.06667;6.30000;5.46667
346;0.00000;8.83333;8.00000;3.00000
347;0.00000;0.16667;0.00000;0.83333
348;0.00000;8.66667;3.00000;2.66667
349;0.00000;4.88889;0.38889;2.83333
350;0.00000;1.17647;0.05882;1.58824
351;0.00000;14.00000;1.33333;2.33333
352;0.00000;9.00000;5.66667;7.11111
353;0.85000;7.80000;1.70000;4.30000
354;1.36364;1.72727;3.27273;0.63636
355;0.00000;3.00000;3.61111;6.11111
356;0.65217;8.26087;6.86957;7.82609
357;6.75000;11.00000;13.75000;8.08333
358;1.20000;7.90000;4.06667;3.96667
359;2.12500;1.75000;3.16667;2.95833
360;0.00000;0.08333;0.08333;0.75000
361;1.50000;11.10000;25.30000;8.40000
362;0.00000;10.60000;16.00000;6.40000
363;2.50000;19.16667;36.83333;23.16667
364;0.60000;17.60000;15.60000;3.20000
365;0.00000;12.93750;6.00000;7.31250
366;3.20000;20.80000;17.00000;6.80000
367;0.00000;44.60000;20.40000;17.20000
368;0.09091;22.72727;5.18182;19.63636
369;0.00000;0.80000;3.80000;2.50000
370;0.00000;1.60000;0.80000;7.60000
371;0.00000;9.60000;14.60000;18.40000
372;0.10000;22.40000;16.90000;20.50000
373;2.50000;16.00000;7.08333;6.41667
374;0.00000;1.33333;1.50000;5.00000
375;0.06667;4.26667;4.73333;4.73333
376;0.00000;11.00000;8.00000;12.33333
377;3.66667;26.88889;11.72222;15.77778
378;0.00000;26.83333;8.66667;8.00000
379;1.45455;20.27273;9.00000;8.81818
380;0.00000;0.00000;0.00000;0.16667
381;0.00000;0.66667;1.00000;4.83333
382;0.00000;0.08333;1.25000;0.33333
383;0.00000;0.05882;0.00000;0.17647
384;0.00000;0.00000;0.25000;1.00000
385;0.00000;0.00000;0.00000;0.16667
386;0.50000;0.00000;3.00000;2.00000
387;0.00000;0.27273;0.27273;1.00000
388;0.00000;0.90909;2.18182;11.18182
389;0.00000;11.16667;5.50000;4.66667
390;0.05263;0.15789;1.89474;0.31579
391;1.25000;0.00000;1.58333;3.16667
392;4.12500;0.75000;2.75000;2.00000
393;3.16667;0.16667;7.00000;17.00000
394;2.50000;0.00000;2.50000;8.66667
395;0.00000;0.00000;0.00000;0.10000
396;0.25000;0.25000;0.25000;0.08333
397;0.00000;0.60000;1.40000;4.60000
398;0.00000;0.58333;1.08333;8.25000
399;0.23077;10.15385;1.92308;7.92308
400;0.00000;0.66667;1.83333;7.66667
401;0.00000;2.50000;0.50000;5.50000
402;0.00000;1.17647;1.00000;1.41176
403;0.00000;0.80000;0.00000;1.40000
404;0.00000;0.60000;0.20000;1.00000
405;0.00000;0.05882;0.00000;0.17647
406;0.00000;6.33333;0.33333;1.50000
407;0.00000;10.66667;0.83333;1.66667
408;0.00000;0.50000;0.16667;2.66667
409;0.16667;8.50000;0.66667;2.50000
410;0.50000;29.33333;3.08333;7.58333
411;0.00000;0.00000;0.00000;0.14286
412;0.75000;17.40000;2.40000;9.20000
413;0.00000;4.16667;0.00000;18.50000
414;0.00000;39.71429;2.35714;40.78571
415;1.15385;3.61538;1.92308;2.30769
416;0.00000;7.00000;2.28571;4.42857
417;0.00000;1.00000;0.00000;1.71429
418;0.78947;14.68421;5.73684;8.05263
419;0.00000;4.00000;9.71429;9.42857
420;0.00000;19.31034;6.31034;11.86207
421;0.00000;19.44828;2.79310;10.79310
422;0.00000;6.00000;5.58333;3.50000
423;0.00000;13.40000;5.60000;14.10000
424;0.00000;13.25000;12.75000;8.16667
425;0.00000;1.50000;0.83333;1.00000
426;0.00000;6.50000;0.50000;9.66667
427;17.16667;4.00000;11.16667;3.00000
428;0.00000;7.57895;7.63158;11.00000
429;0.00000;6.00000;0.33333;3.50000
430;0.09375;7.37500;0.81250;2.46875
431;0.00000;6.63636;0.09091;2.54545
432;1.87500;11.75000;0.75000;7.12500
433;0.00000;0.85714;0.71429;5.71429
434;0.00000;24.50000;4.16667;27.33333
435;0.00000;0.46154;0.30769;0.61538
436;0.00000;23.50000;16.33333;4.58333
437;0.00000;9.66667;0.50000;2.00000
438;0.00000;4.00000;0.75000;1.91667
439;1.16667;47.83333;1.66667;3.66667
440;0.00000;6.36364;0.45455;1.54545
441;0.00000;4.54545;0.00000;2.18182
442;0.00000;50.00000;1.00000;15.00000
443;0.00000;1.16667;0.16667;10.00000
444;0.00000;31.44444;7.77778;23.55556
445;0.00000;0.00000;0.00000;0.20000
446;0.00000;5.05882;0.17647;1.64706
447;0.11765;16.52941;15.05882;9.00000
448;0.00000;3.00000;1.16667;8.33333
449;0.00000;8.14286;1.00000;8.57143
450;0.00000;1.20000;6.90000;7.40000
451;0.00000;6.81818;1.61364;6.09091
452;2.28571;29.61905;7.85714;24.57143
453;0.00000;4.00000;11.00000;17.00000
454;0.11111;4.11111;1.88889;1.22222
455;0.00000;7.66667;2.83333;12.66667
456;0.00000;0.00000;0.38889;6.44444
457;0.00000;0.11111;0.07407;1.03704
458;0.10000;16.80000;13.40000;11.90000
459;0.00000;10.93333;3.26667;16.66667
460;0.00000;6.80000;3.80000;10.60000
461;14.28571;7.00000;17.28571;6.14286
462;0.20833;14.16667;3.29167;6.08333
463;0.00000;1.75000;0.41667;0.83333
464;0.00000;0.00000;0.00000;0.10000
465;0.00000;0.20000;0.00000;1.20000
466;0.00000;0.60000;0.20000;0.80000
467;0.00000;0.20000;0.00000;0.40000
468;0.44118;0.14706;0.58824;0.26471
469;0.00000;0.06250;0.06250;0.00000
470;1.63636;1.27273;3.45455;1.27273
471;0.00000;0.00000;0.00000;0.09091
472;0.00000;0.00000;0.00000;0.42857
473;0.00000;0.00000;0.00000;0.02941
474;0.00000;0.00000;0.00000;0.21429
475;0.00000;0.21429;0.07143;0.64286
476;0.00000;0.00000;0.00000;0.60000
477;0.00000;0.00000;0.00000;1.33333
478;1.05882;0.35294;0.70588;1.17647
479;0.00000;0.00000;0.20000;0.80000
480;0.93750;0.93750;0.25000;0.31250
481;0.00000;0.20000;0.20000;0.40000
482;0.00000;0.00000;0.18182;0.77273
483;0.00000;0.00000;0.57143;0.14286
484;0.00000;0.00000;0.00000;1.06250
485;0.00000;0.21053;0.00000;0.26316
486;0.00000;0.93750;0.06250;3.12500
487;0.00000;0.00000;0.58824;0.23529
488;0.00000;0.00000;0.09091;0.00000
489;0.00000;0.00000;0.00000;0.10000
490;0.00000;0.00000;0.08000;2.04000
491;0.00000;0.00000;0.50000;3.33333
492;0.00000;3.44444;1.88889;7.94444
493;0.00000;3.36364;0.45455;4.72727
494;0.00000;0.00000;0.00000;2.00000
495;0.00000;10.00000;0.75000;8.87500
496;0.00000;3.20000;0.20000;2.60000
497;0.00000;0.00000;0.07407;1.40741
498;0.00000;0.00000;0.00000;0.20000
499;0.00000;0.20000;0.00000;0.40000
500;0.00000;0.00000;0.00000;0.03448
501;0.00000;4.46667;0.20000;3.06667
502;0.00000;0.00000;0.00000;0.16667
503;0.00000;0.14286;0.04762;2.04762
504;0.00000;0.34783;0.13043;4.60870
505;0.00000;0.00000;0.00000;0.27273
506;0.00000;0.00000;0.00000;0.10000
507;0.00000;0.00000;0.00000;0.30000
508;0.00000;0.00000;0.00000;3.66667
509;0.00000;0.00000;0.00000;0.06250
510;0.00000;1.58333;0.16667;2.25000
511;0.00000;0.23529;0.00000;2.58824
512;0.00000;0.00000;0.27273;0.09091
513;0.00000;0.00000;0.00000;0.50000
514;0.00000;0.00000;0.00000;0.40000
515;0.00000;0.00000;0.11111;9.77778
516;0.00000;0.25000;0.00000;0.00000
517;0.00000;9.37500;0.50000;6.62500
518;0.00000;1.54545;0.27273;4.45455
519;0.00000;1.05882;0.00000;2.00000
520;0.00000;0.00000;0.60000;0.20000
521;0.00000;0.11111;0.22222;7.22222
522;0.00000;0.00000;0.00000;0.50000
523;0.00000;0.00000;0.14286;0.71429
524;0.00000;0.00000;0.08333;0.08333
525;0.00000;0.00000;0.01754;0.24561
526;0.00000;0.00000;0.00000;0.36667
527;0.00000;0.00000;0.00000;0.15000
528;0.00000;0.00000;0.02778;0.66667
529;0.00000;0.00000;0.11111;0.00000
530;0.00000;0.00000;0.00000;4.37500
531;0.00000;0.16667;0.00000;0.16667
532;0.00000;0.00000;0.00000;3.22222
533;0.00000;0.00000;0.00000;1.55882
534;0.00000;0.02041;0.02041;0.20408
535;0.00000;0.00000;0.00000;0.87500
536;0.00000;0.00000;0.18750;5.62500
537;0.00000;1.77273;0.40909;13.72727
538;0.00000;0.00000;0.06250;0.18750
539;0.00000;0.00000;0.00000;0.12500
540;0.00000;0.02778;0.02778;1.52778
541;0.00000;0.30000;0.10000;9.10000
542;0.00000;0.04706;0.17647;7.67059
543;0.00000;2.00000;1.26923;5.92308
544;3.00000;10.36364;5.72727;5.81818
545;2.83333;3.83333;18.77778;5.25000
546;0.50000;2.00000;26.00000;7.16667
547;0.00000;2.16667;14.00000;3.83333
548;10.71429;13.28571;43.14286;12.85714
549;0.00000;17.66667;3.16667;9.50000
550;0.00000;0.85714;1.28571;2.85714
551;0.00000;5.00000;15.00000;6.00000
552;0.12000;1.52000;8.24000;7.40000
553;0.00000;8.75000;7.04167;9.25000
554;0.00000;0.66667;0.50000;2.66667
555;0.04167;0.79167;8.12500;2.08333
556;0.00000;11.95238;1.33333;8.04762
557;0.00000;17.33333;2.91667;11.83333
558;0.00000;12.41667;25.50000;15.00000
559;2.59259;1.11111;6.70370;1.55556
560;0.00000;16.83333;5.83333;13.33333
561;3.50000;2.00000;29.33333;2.83333
562;0.00000;0.66667;8.50000;2.33333
563;0.00000;1.66667;20.25000;8.16667
564;1.38462;9.53846;26.38462;8.69231
565;3.68421;14.47368;33.31579;8.21053
566;10.66667;6.77778;57.00000;14.72222
567;13.78571;7.14286;59.64286;19.00000
568;14.41667;27.25000;68.33333;7.41667
569;0.00000;16.83333;46.83333;9.50000
570;2.17857;9.96429;64.07143;9.85714
571;4.00000;8.21053;53.36842;5.10526
572;2.05556;10.83333;37.58333;7.30556
573;3.41379;7.68966;37.34483;8.10345
574;2.83333;1.88889;34.55556;6.88889
575;0.16667;3.08333;20.66667;10.25000
576;1.12658;3.08861;33.45570;8.26582
577;0.25000;3.75000;68.58333;8.08333
578;4.04348;2.65217;53.65217;5.39130
579;2.75000;1.50000;31.83333;4.75000
580;1.05556;5.66667;19.50000;8.05556
581;5.25000;9.00000;39.58333;11.83333
582;6.27273;20.36364;26.72727;11.63636
583;20.00000;4.34286;46.45714;12.40000
584;13.83333;8.16667;57.33333;9.83333
585;6.20000;0.80000;48.20000;7.40000
586;11.16667;17.77778;48.72222;9.77778
587;16.89474;7.15789;57.31579;8.89474
588;7.61111;9.88889;41.72222;4.94444
589;3.00000;0.00000;33.50000;4.16667
590;10.55556;6.44444;53.44444;4.61111
591;4.18750;18.75000;21.56250;28.12500
592;6.53846;21.69231;50.84615;5.69231
593;2.66667;4.66667;54.33333;6.33333
594;1.22222;2.25926;34.37037;6.00000
595;0.00000;1.83333;34.50000;7.16667
596;0.25000;3.50000;29.08333;3.66667
597;0.00000;1.00000;9.33333;4.16667
598;0.00000;0.33333;2.16667;12.50000
599;0.00000;1.00000;12.83333;5.50000
600;0.15789;3.68421;20.78947;6.15789
601;0.00000;13.50000;13.83333;6.33333
602;0.00000;6.80000;10.60000;6.60000
603;0.00000;0.71429;7.00000;4.28571
604;0.00000;6.18182;7.54545;3.72727
605;0.00000;1.00000;15.00000;7.33333
606;0.00000;4.42857;2.71429;2.28571
607;0.00000;2.50000;33.00000;8.16667
608;0.00000;1.80000;30.20000;2.80000
609;0.00000;16.71429;10.71429;13.14286
610;0.50000;8.50000;25.00000;3.83333
611;0.00000;13.50000;38.50000;44.33333
612;0.38000;10.38000;26.02000;11.70000
613;0.00000;2.40000;7.20000;0.40000
614;0.00000;37.28571;16.71429;8.28571
615;0.42857;15.85714;51.14286;10.42857
616;0.50000;5.33333;7.66667;6.33333
617;0.50000;4.16667;28.00000;28.50000
618;5.50000;23.83333;4.33333;10.00000
619;3.30000;8.40000;23.30000;11.20000
620;0.00000;11.66667;19.16667;23.00000
621;0.00000;22.00000;0.20000;12.40000
622;0.00000;5.14286;7.28571;4.28571
623;1.63636;5.72727;13.54545;3.18182
624;0.46154;11.61538;19.76923;12.46154
625;2.69811;6.73585;26.07547;7.49057
626;0.00000;0.00000;3.00000;4.50000
627;0.50000;4.00000;27.66667;2.00000
628;14.00000;13.60000;42.60000;3.80000
629;0.00000;9.20000;54.60000;9.40000
630;0.60000;0.60000;17.60000;1.20000
631;3.00000;1.50000;38.00000;16.00000
632;1.32000;9.20000;26.60000;11.20000
633;2.50000;1.50000;24.33333;7.33333
634;0.00000;18.42857;30.85714;14.00000
635;6.61538;7.00000;39.69231;23.07692
636;0.00000;10.25000;8.08333;8.91667
637;1.50000;2.75000;20.83333;5.25000
638;0.50000;10.91667;26.83333;5.58333
639;0.50000;2.00000;24.83333;7.00000
640;0.00000;3.25000;13.16667;10.50000
641;0.00000;0.00000;3.00000;7.40000
642;0.00000;3.53488;12.95349;5.97674
643;0.00000;9.66667;2.16667;3.33333
644;2.50000;2.50000;5.00000;4.83333
645;0.50000;4.33333;45.83333;5.50000
646;0.00000;2.66667;13.91667;14.75000
647;0.00000;11.63158;22.21053;13.73684
648;0.00000;3.00000;22.80000;5.60000
649;0.00000;2.66667;67.50000;4.16667
650;0.00000;5.83333;10.50000;6.83333
651;1.25000;11.04167;33.83333;10.50000
652;2.10000;6.10000;37.20000;10.60000
653;0.40000;7.30000;17.60000;5.00000
654;0.00000;17.16667;15.33333;8.66667
655;0.50000;10.50000;46.00000;6.33333
656;0.00000;8.50000;25.16667;13.66667
657;2.50000;6.33333;30.50000;3.16667
658;2.50000;45.50000;16.33333;22.50000
659;0.16667;28.00000;35.83333;14.50000
660;2.50000;30.00000;30.16667;17.50000
661;17.20000;11.20000;45.20000;8.40000
662;0.00000;21.00000;29.57143;7.28571
663;4.00000;24.50000;57.16667;12.83333
664;1.94444;6.77778;28.00000;7.11111
665;0.22222;8.83333;24.94444;3.94444
666;2.65306;13.00000;34.22449;7.85714
667;12.16667;4.00000;22.66667;5.66667
668;0.65217;10.13043;37.82609;4.26087
669;7.50000;2.06667;29.96667;8.60000
670;3.00000;10.80000;26.60000;10.00000
671;3.00000;8.66667;44.83333;5.00000
672;0.00000;0.16667;13.83333;3.16667
673;10.20000;1.00000;30.20000;34.00000
674;0.00000;13.10000;13.50000;10.20000
675;0.00000;10.83333;25.16667;13.00000
676;10.20000;4.60000;37.20000;11.60000
677;6.50000;18.50000;13.60000;29.90000
678;5.62500;6.12500;33.25000;13.56250
679;3.80000;7.40000;15.00000;31.20000
680;13.80000;2.60000;50.60000;6.00000
681;0.00000;0.00000;0.00000;2.40000
682;0.00000;1.83333;1.16667;5.66667
683;2.00000;10.25000;20.83333;5.41667
684;0.13333;8.90000;10.60000;6.26667
685;5.50000;9.00000;10.50000;16.66667
686;0.25000;8.66667;5.91667;6.25000
687;1.33333;19.16667;10.50000;23.91667
688;5.00000;11.00000;41.66667;7.33333
689;4.16667;21.00000;13.00000;11.50000
690;0.50000;6.16667;6.00000;5.33333
691;0.00000;3.50000;4.00000;5.16667
692;0.00000;1.00000;0.66667;5.66667
693;3.00000;21.00000;39.16667;8.00000
694;1.46154;15.76923;23.61538;7.84615
695;0.05882;4.88235;7.29412;5.88235
696;2.50000;1.00000;5.66667;5.00000
697;0.16667;21.50000;18.50000;14.58333
698;1.71429;20.03571;28.25000;22.10714
699;1.55000;14.45000;24.15000;8.20000
700;0.00000;17.00000;13.50000;14.00000
701;2.35714;11.00000;10.00000;6.00000
702;1.21429;12.42857;20.92857;5.50000
703;0.50000;5.06667;12.86667;6.73333
704;0.50000;25.83333;7.00000;10.00000
705;1.50000;14.33333;24.16667;4.58333
706;0.60000;18.40000;19.60000;21.60000
707;0.50000;7.16667;9.00000;5.00000
708;0.00000;22.85714;1.71429;9.85714
709;1.00000;16.50000;26.33333;16.25000
710;0.00000;0.50000;0.75000;5.25000
711;0.00000;3.75000;9.00000;7.25000
712;0.00000;14.37500;23.00000;17.25000
713;0.00000;18.71429;21.28571;11.42857
714;0.00000;8.62500;12.50000;11.75000
715;0.00000;3.00000;5.14286;7.42857
716;3.00000;33.31250;33.87500;15.25000
717;1.25000;5.75000;18.00000;5.25000
718;0.00000;6.85714;3.00000;10.00000
719;0.30769;8.07692;19.23077;12.23077
720;0.00000;1.83333;3.00000;4.00000
721;3.00000;16.93750;21.75000;10.75000
722;0.09091;23.90909;23.63636;15.45455
723;0.00000;1.00000;1.00000;3.80000
724;0.05263;16.15789;18.36842;17.00000
725;0.00000;9.80000;9.60000;19.60000
726;0.00000;3.60000;13.00000;10.00000
727;0.05556;10.50000;13.61111;8.94444
728;1.25000;8.12500;7.33333;12.50000
729;9.60000;16.20000;13.60000;30.60000
730;2.28571;23.23810;24.38095;22.90476
731;1.87500;12.37500;26.37500;9.00000
732;0.00000;20.00000;11.56250;20.56250
733;3.87500;15.75000;20.25000;7.25000
734;0.06667;11.73333;14.46667;7.73333
735;0.00000;6.46154;17.76923;19.69231
736;0.64286;13.78571;13.67857;15.75000
737;6.00000;12.50000;39.12500;19.25000
738;0.00000;18.23077;15.15385;9.61538
739;0.00000;5.37500;11.00000;2.75000
740;0.06667;8.60000;11.33333;5.53333
741;3.00000;11.50000;28.50000;4.66667
742;6.00000;67.16667;11.66667;13.00000
743;0.60000;30.60000;4.40000;6.80000
744;3.25806;13.03226;23.77419;10.00000
745;0.00000;2.00000;14.20000;4.00000
746;0.37500;24.00000;26.87500;15.75000
747;5.18750;10.68750;28.37500;7.43750
748;0.00000;6.45455;17.00000;12.45455
749;2.72000;22.36000;14.08000;11.16000
750;2.42857;11.28571;23.28571;14.28571
751;0.25000;22.00000;24.95833;7.95833
752;0.75000;22.62500;22.37500;10.50000
753;0.00000;12.60000;13.00000;22.80000
754;1.83333;17.50000;40.27778;7.88889
755;1.38462;21.92308;38.84615;12.46154
756;2.66667;9.50000;24.50000;8.33333
757;1.25000;20.33333;32.83333;13.33333
758;0.00000;8.00000;31.66667;6.66667
759;1.88889;10.77778;26.83333;10.66667
760;0.00000;2.57143;8.00000;10.00000
761;0.00000;18.66667;22.50000;9.66667
762;16.20000;9.60000;33.80000;15.20000
763;0.20000;38.60000;14.00000;30.00000
764;2.27273;13.36364;25.00000;13.27273
765;0.00000;9.50000;33.50000;7.16667
766;0.54545;20.27273;22.81818;10.00000
767;0.00000;28.16667;3.16667;25.50000
768;0.00000;30.40000;6.40000;10.80000
769;0.00000;13.40000;0.80000;10.40000
770;0.80000;7.00000;13.80000;4.60000
771;0.23077;20.00000;18.23077;5.46154
772;2.75000;16.16667;10.16667;6.58333
773;1.05000;17.10000;18.40000;16.85000
774;1.50000;10.91667;18.16667;15.08333
775;4.50000;11.38889;17.88889;11.83333
776;0.09091;9.90909;16.90909;6.36364
777;2.83333;9.41667;14.00000;6.58333
778;0.00000;8.33333;11.75000;4.83333
779;2.62222;13.51111;14.06667;6.24444
780;0.00000;14.75000;9.91667;4.91667
781;3.08333;15.91667;12.16667;10.75000
782;0.00000;36.00000;12.00000;19.85714
783;0.71429;18.38095;10.23810;8.76190
784;0.00000;22.80000;27.00000;15.60000
785;0.50000;17.83333;20.16667;4.83333
786;0.16667;11.00000;0.50000;5.50000
787;0.71739;5.86957;9.73913;8.91304
788;0.65217;16.60870;7.86957;7.34783
789;0.50000;27.66667;27.66667;20.66667
790;0.13043;9.47826;7.21739;12.04348
791;0.00000;14.14286;10.71429;23.57143
792;2.06250;4.37500;3.56250;5.62500
793;2.37931;14.96552;22.10345;12.70690
794;0.16667;3.00000;8.50000;14.16667
795;1.83333;16.38889;25.38889;16.33333
796;1.16667;25.79167;11.62500;21.25000
797;6.97917;7.14583;16.91667;8.35417
798;0.69231;0.61538;10.69231;3.76923
799;0.00000;15.16667;29.91667;17.16667
800;3.66667;1.22222;13.66667;19.66667
801;0.00000;1.55556;0.72222;11.83333
802;0.06667;13.00000;18.13333;21.66667
803;0.50000;11.66667;14.33333;9.66667
804;5.25000;11.45833;19.25000;8.70833
805;0.40000;17.72000;15.00000;19.04000
806;3.84000;18.60000;15.20000;10.64000
807;0.09091;28.36364;40.81818;14.00000
808;5.50000;56.66667;21.50000;15.83333
809;0.00000;25.60000;18.00000;14.40000
810;5.73913;17.43478;26.00000;13.47826
811;13.75000;29.41667;43.41667;17.75000
812;3.45833;33.00000;30.66667;15.70833
813;8.00000;51.66667;18.00000;18.00000
814;29.60000;13.60000;52.60000;17.00000
815;6.00000;18.81818;39.90909;5.27273
816;3.82353;38.58824;24.00000;25.11765
817;0.00000;2.33333;22.16667;4.33333
818;0.00000;16.00000;7.00000;24.00000
819;0.00000;18.50000;10.33333;6.50000
820;0.50000;20.83333;34.72222;21.72222
821;4.41667;24.16667;25.41667;11.33333
822;5.50000;29.66667;14.25000;25.41667
823;0.00000;4.16667;21.16667;5.16667
824;0.08333;5.83333;2.33333;15.41667
825;3.66667;39.83333;33.83333;18.66667
826;0.80000;34.20000;41.20000;19.80000
827;0.00000;36.60000;0.60000;24.60000
828;1.87500;26.87500;7.00000;19.00000
829;2.75000;48.50000;11.00000;17.75000
830;0.60000;23.20000;4.40000;12.40000
831;1.36364;61.63636;12.18182;19.81818
832;0.60000;41.00000;5.00000;16.20000
833;3.27273;30.45455;30.00000;11.27273
834;0.94118;43.41176;23.41176;10.23529
835;0.50000;19.66667;27.41667;8.00000
836;18.08333;23.83333;29.83333;18.25000
837;1.20000;25.60000;58.60000;16.20000
838;0.00000;13.80000;16.80000;8.40000
839;0.00000;3.20000;7.00000;16.40000
840;0.00000;0.80000;0.40000;1.00000
841;0.00000;40.20000;29.60000;15.60000
842;2.46667;49.93333;14.53333;20.46667
843;5.66667;34.33333;21.91667;9.50000
844;0.00000;39.00000;9.66667;3.66667
845;3.00000;12.00000;37.20000;10.40000
846;6.60000;34.80000;43.60000;9.60000
847;16.80000;4.40000;39.60000;10.20000
848;1.20000;0.00000;18.60000;38.80000
849;1.50000;1.20000;40.00000;14.20000
850;3.00000;8.50000;19.00000;13.80000
851;15.00000;7.40000;51.80000;16.20000
852;0.12500;7.12500;15.00000;4.37500
853;0.10000;3.70000;11.10000;8.70000
854;3.80000;20.80000;12.60000;7.00000
855;1.80000;37.10000;19.20000;33.90000
856;0.60000;3.60000;20.20000;8.60000
857;0.44444;0.44444;16.44444;8.44444
858;10.20000;7.60000;33.40000;19.90000
859;7.20000;47.60000;13.40000;11.60000
860;1.90000;21.40000;21.80000;19.50000
861;4.00000;2.50000;9.00000;14.00000
862;10.80000;13.80000;7.80000;9.00000
863;0.95238;7.19048;21.80952;13.80952
864;7.60000;7.66667;32.06667;20.66667
865;3.20000;3.60000;42.00000;14.70000
866;0.00000;0.18182;5.27273;11.27273
867;0.00000;55.20000;17.20000;18.60000
868;2.50000;2.50000;34.00000;25.00000
869;0.00000;0.50000;6.50000;6.83333
870;6.73333;12.13333;12.60000;9.60000
871;14.40000;3.60000;29.80000;14.20000
872;3.00000;9.00000;12.60000;19.20000
873;1.26667;3.60000;34.33333;12.13333
874;6.90000;0.40000;47.90000;22.00000
875;3.26667;8.46667;28.93333;15.86667
876;4.14583;13.91667;26.18750;13.47917
877;0.00000;19.20000;30.20000;10.20000
878;2.20000;10.93333;36.00000;18.66667
879;0.40000;10.60000;42.70000;7.70000
880;0.00000;0.00000;13.60000;13.60000
881;7.40000;38.70000;11.50000;16.50000
882;0.53846;25.76923;27.30769;11.69231
883;3.00000;14.14286;12.57143;14.57143
884;0.00000;3.30000;7.40000;7.00000
885;5.10000;20.50000;42.10000;9.20000
886;0.30000;5.50000;32.00000;13.00000
887;0.20000;1.20000;43.20000;4.00000
888;0.00000;16.20000;54.60000;10.20000
889;0.60000;15.60000;33.20000;16.20000
890;0.60000;3.60000;17.40000;3.80000
891;6.20000;4.60000;26.60000;8.00000
892;2.30000;1.00000;38.70000;15.40000
893;3.00000;6.80000;13.80000;26.00000
894;7.80000;0.00000;47.00000;21.40000
895;1.20000;2.00000;70.00000;18.40000
896;3.00000;1.00000;20.80000;2.00000
897;0.43750;2.00000;6.56250;4.18750
898;0.00000;18.80000;20.80000;13.40000
899;1.00000;2.40000;54.60000;14.40000
900;3.10000;4.20000;27.70000;19.30000
901;2.06250;4.06250;22.18750;8.62500
902;0.20000;3.93333;19.26667;6.60000
903;0.27273;2.00000;14.00000;11.72727
904;0.00000;2.30000;24.30000;10.60000
905;3.05882;12.82353;20.76471;12.64706
906;0.80000;1.40000;32.00000;5.40000
907;0.00000;1.40000;13.00000;29.60000
908;0.00000;0.20000;2.00000;3.20000
909;2.20000;29.50000;43.70000;16.20000
910;0.10000;1.20000;18.20000;9.30000
911;0.00000;10.36364;10.00000;9.18182
912;0.60000;3.20000;42.20000;10.90000
913;4.20000;23.20000;20.80000;5.60000
914;0.00000;2.20000;17.70000;10.80000
915;0.00000;0.00000;0.00000;0.50000
916;0.50000;8.70000;26.90000;18.00000
917;3.70000;5.60000;9.10000;8.10000
918;1.80000;6.40000;28.90000;9.60000
919;3.00000;0.80000;27.00000;7.20000
920;5.40000;0.80000;11.40000;10.90000
921;0.60000;0.90000;16.20000;3.50000
922;0.00000;0.09091;0.18182;1.81818
923;0.60000;1.00000;6.80000;5.40000
924;3.33333;12.60000;6.53333;5.46667
925;0.00000;3.50000;0.30000;1.30000
926;0.00000;36.80000;5.00000;4.00000
927;0.00000;0.40000;0.60000;1.00000
928;0.00000;16.40000;7.80000;7.20000
929;0.00000;0.60000;0.80000;1.60000
930;0.60000;0.40000;8.00000;2.60000
931;0.00000;7.00000;12.60000;2.80000
932;0.18750;17.18750;7.62500;7.12500
933;0.20000;21.60000;3.40000;9.60000
934;0.00000;0.23529;0.52941;0.70588
935;0.17647;7.00000;8.47059;6.29412
936;0.00000;4.16667;2.66667;11.50000
937;0.00000;3.80000;11.20000;6.80000
938;0.04762;17.57143;10.66667;4.14286
939;0.00000;19.83333;10.66667;14.00000
940;0.00000;4.16667;3.66667;5.66667
941;0.00000;6.16667;0.33333;3.00000
942;0.00000;8.66667;5.66667;5.33333
943;0.10000;24.00000;8.40000;9.30000
944;0.00000;0.80000;0.20000;2.40000
945;0.00000;19.60000;13.00000;3.80000
946;1.60000;22.90000;12.40000;5.20000
947;0.00000;0.66667;0.50000;1.66667
948;0.00000;7.40000;3.20000;4.60000
949;0.00000;14.00000;18.00000;11.00000
950;0.60000;7.00000;14.80000;2.80000
951;0.00000;6.50000;15.55556;18.27778
952;0.00000;17.55556;20.11111;14.33333
953;0.00000;14.50000;8.33333;6.16667
954;0.00000;11.09091;9.18182;4.90909
955;0.00000;1.33333;1.33333;6.00000
956;0.30000;13.20000;30.60000;11.30000
957;0.00000;13.80000;23.20000;13.40000
958;0.00000;0.70000;13.20000;5.20000
959;0.00000;10.70000;24.00000;10.20000
960;0.00000;25.40000;4.00000;10.60000
961;5.20000;12.60000;36.30000;14.30000
962;0.00000;0.00000;3.70000;1.50000
963;0.60000;0.10000;11.00000;6.60000
964;1.60000;1.90000;8.70000;4.40000
965;1.00000;0.00000;8.20000;7.60000
966;0.50000;0.40000;5.60000;2.10000
967;0.30000;0.00000;5.90000;1.40000
968;0.30000;0.10000;5.00000;3.30000
969;0.20000;0.00000;4.60000;3.20000
970;0.00000;5.50000;4.40000;1.40000
971;0.40000;0.50000;14.60000;5.50000
972;0.20000;0.00000;19.80000;4.00000
973;1.33333;1.00000;24.40000;6.66667
974;0.00000;1.60000;13.20000;6.80000
975;0.00000;7.80000;13.40000;2.20000
976;3.30000;3.00000;11.50000;8.40000
977;0.00000;4.20000;19.60000;7.60000
978;0.30000;3.60000;8.70000;5.20000
979;0.60000;20.40000;37.90000;6.80000
980;0.60000;0.40000;7.00000;4.20000
981;0.00000;6.20000;13.20000;2.40000
982;0.00000;26.60000;47.00000;8.80000
983;0.00000;2.10000;4.30000;2.10000
984;0.00000;11.00000;33.80000;11.80000
985;0.00000;24.80000;14.40000;12.00000
986;0.40000;12.30000;7.20000;6.10000
987;6.80000;19.80000;23.60000;13.80000
988;0.00000;0.70000;6.90000;5.70000
989;0.00000;7.40000;11.00000;6.40000
990;0.00000;29.20000;36.60000;9.60000
991;0.00000;4.50000;10.00000;11.00000
992;0.00000;1.25000;1.91667;8.75000
993;0.00000;20.78571;23.78571;5.92857
994;0.00000;2.50000;6.70000;1.40000
995;0.00000;1.00000;3.60000;1.80000
996;0.00000;29.20000;14.60000;2.60000
997;0.42857;11.14286;13.57143;2.42857
998;0.75000;16.87500;16.87500;9.50000
999;0.00000;12.00000;11.20000;2.00000
1000;0.00000;18.87500;26.87500;11.37500
1001;1.87500;15.37500;19.25000;2.50000
1002;0.00000;12.07143;10.00000;4.35714
1003;0.00000;5.66667;2.50000;4.00000
1004;0.00000;18.26087;10.52174;6.21739
1005;0.30000;15.80000;13.50000;7.20000
1006;0.00000;17.57143;3.28571;5.85714
1007;0.00000;5.50000;0.12500;1.12500
1008;0.00000;1.00000;0.20000;1.20000
1009;0.00000;8.50000;7.58333;1.91667
1010;0.00000;1.14286;0.42857;3.71429
1011;0.00000;3.20000;15.90000;4.20000
1012;0.00000;0.80000;0.00000;0.60000
1013;0.00000;31.85714;5.71429;3.14286
1014;0.00000;1.16667;0.33333;1.33333
1015;0.00000;1.20000;1.00000;2.60000
1016;0.00000;0.60000;0.60000;10.80000
1017;0.20000;12.40000;9.33333;11.20000
1018;0.00000;19.40000;22.80000;21.00000
1019;0.10000;2.60000;5.10000;6.50000
1020;0.00000;3.86667;16.60000;4.40000
1021;1.42857;8.19048;22.14286;4.42857
1022;2.14286;11.85714;27.57143;6.57143
1023;0.07692;1.69231;4.23077;2.76923
1024;0.00000;0.30769;0.00000;0.07692
1025;0.00000;4.50000;14.75000;7.50000
1026;3.00000;6.20000;24.20000;13.20000
1027;5.60000;5.10000;33.90000;10.80000
1028;0.00000;0.80000;2.00000;1.80000
1029;0.40000;0.60000;6.60000;2.40000
1030;3.30000;23.50000;33.00000;12.00000
1031;1.50000;0.80000;6.50000;6.00000
1032;0.00000;2.80000;5.70000;2.90000
1033;0.00000;0.20000;6.20000;2.60000
1034;0.00000;0.00000;4.00000;2.20000
1035;0.00000;0.00000;2.10000;2.20000
1036;0.30000;0.10000;1.90000;1.30000
1037;0.00000;0.30000;6.40000;4.90000
1038;0.00000;0.00000;0.80000;0.80000
1039;0.00000;1.60000;10.20000;1.80000
1040;0.10000;4.40000;5.20000;3.90000
1041;0.00000;10.40000;9.60000;1.80000
1042;1.26667;1.60000;2.86667;4.60000
1043;6.00000;36.00000;19.80000;33.20000
1044;0.27273;7.04545;1.95455;4.50000
1045;1.20000;0.20000;12.60000;9.60000
1046;0.00000;14.90000;13.50000;4.20000
1047;3.00000;0.20000;4.40000;10.80000
1048;0.20000;6.90000;11.50000;7.30000
1049;0.00000;0.25000;1.25000;2.50000
1050;0.20000;0.20000;3.00000;1.60000
1051;0.05263;2.15789;8.31579;4.68421
1052;1.66667;0.55556;4.00000;2.00000
1053;0.09091;0.36364;1.45455;1.45455
1054;0.00000;0.66667;7.66667;5.50000
1055;0.00000;1.60000;1.70000;2.80000
1056;0.00000;0.20000;0.20000;1.40000
1057;1.80000;0.50000;3.10000;5.00000
1058;3.00000;0.20000;3.40000;3.80000
1059;0.06667;0.66667;3.93333;2.06667
1060;0.00000;0.80000;19.60000;2.60000
1061;0.00000;1.60000;0.60000;1.00000
1062;0.00000;1.40000;3.60000;0.80000
1063;0.09091;6.36364;4.72727;4.54545
1064;0.20000;0.40000;1.60000;3.60000
1065;0.00000;0.40000;0.20000;0.60000
1066;0.00000;1.00000;0.80000;2.30000
1067;0.10000;0.90000;2.70000;3.20000
1068;0.00000;0.54545;0.18182;2.18182
1069;0.60000;2.73333;3.73333;4.13333
1070;0.00000;0.60000;3.00000;1.60000
1071;0.00000;1.86667;2.66667;4.93333
1072;0.20000;4.55000;1.10000;1.20000
1073;0.00000;1.80000;4.40000;2.20000
1074;0.33333;6.11111;0.77778;4.33333
1075;0.00000;1.20000;0.60000;2.40000
1076;0.10000;0.90000;2.30000;1.50000
1077;0.00000;6.20000;3.80000;6.40000
1078;0.00000;10.23529;2.70588;7.17647
1079;9.20000;0.20000;19.80000;16.00000
1080;0.60000;1.00000;17.40000;12.60000
1081;6.80000;4.20000;12.60000;10.20000
1082;3.00000;0.80000;17.40000;24.20000
1083;6.00000;9.00000;18.60000;8.20000
1084;6.60000;16.40000;17.40000;30.00000
1085;3.00000;2.00000;16.20000;4.60000
1086;0.00000;0.80000;2.00000;2.20000
1087;0.00000;4.60000;22.20000;5.40000
1088;0.00000;0.40000;2.10000;2.00000
1089;0.20000;17.20000;29.80000;4.00000
1090;0.00000;1.20000;0.60000;2.40000
1091;0.00000;0.00000;1.00000;2.60000
1092;0.90000;2.30000;37.20000;8.60000
1093;0.20000;0.00000;2.40000;2.60000
1094;0.00000;0.20000;3.40000;3.00000
1095;0.00000;1.60000;44.60000;2.80000
1096;0.00000;0.00000;7.40000;1.20000
1097;3.00000;0.00000;1.80000;3.60000
1098;0.00000;0.50000;9.40000;2.10000
1099;0.00000;10.00000;23.40000;7.00000
1100;0.00000;0.20000;6.60000;3.80000
1101;0.20000;0.00000;0.00000;1.60000
1102;0.00000;0.00000;23.60000;5.00000
1103;0.00000;3.60000;26.80000;18.40000
1104;0.00000;0.00000;5.40000;4.80000
1105;0.20000;1.80000;19.80000;21.20000
1106;0.20000;0.00000;12.60000;7.80000
1107;3.00000;0.00000;19.60000;7.00000
1108;1.20000;0.00000;17.00000;2.80000
1109;0.60000;0.20000;13.60000;4.60000
1110;0.27273;0.27273;18.27273;11.81818
1111;11.20000;0.30000;31.40000;11.60000
1112;0.00000;7.50000;13.20000;9.60000
1113;1.50000;0.00000;8.50000;7.40000
1114;0.20000;5.60000;30.46667;10.53333
1115;1.20000;3.80000;40.20000;5.40000
1116;0.00000;0.20000;20.60000;14.60000
1117;0.00000;0.40000;18.40000;6.30000
1118;0.00000;0.00000;0.80000;1.40000
1119;0.00000;4.80000;32.80000;7.20000
1120;0.00000;0.40000;4.80000;2.20000
1121;0.80000;0.00000;7.80000;10.60000
1122;0.00000;25.80000;49.60000;5.00000
1123;0.00000;0.00000;25.44444;5.77778
1124;0.00000;0.00000;0.33333;1.00000
1125;0.00000;0.00000;6.70000;3.50000
1126;0.00000;0.80000;23.20000;3.00000
1127;0.00000;2.20000;7.40000;1.40000
1128;1.50000;5.40000;32.60000;2.30000
1129;0.10000;6.80000;29.00000;4.30000
1130;0.80000;0.20000;8.10000;2.10000
1131;1.60000;0.00000;7.20000;8.90000
1132;0.20000;0.00000;10.20000;9.80000
1133;0.20000;0.00000;5.40000;7.40000
1134;0.00000;0.00000;26.40000;7.60000
1135;0.00000;0.00000;6.80000;4.60000
1136;0.00000;0.00000;1.80000;1.20000
1137;0.00000;0.10000;5.90000;6.20000
1138;3.20000;0.00000;10.20000;8.40000
1139;0.60000;0.20000;13.80000;5.80000
1140;0.00000;0.00000;16.80000;6.00000
1141;0.20000;0.20000;2.60000;2.80000
1142;0.00000;0.00000;23.00000;3.20000
1143;0.00000;0.20000;27.20000;5.80000
1144;1.40000;2.20000;29.40000;3.20000
1145;0.30000;7.00000;9.20000;2.50000
1146;0.00000;1.20000;11.00000;3.20000
1147;1.50000;2.20000;2.50000;4.40000
1148;0.00000;4.60000;18.80000;3.60000
1149;6.00000;23.60000;25.60000;16.40000
1150;6.20000;15.80000;25.80000;12.40000
1151;0.00000;2.00000;5.30000;4.50000
1152;0.00000;0.00000;3.40000;6.60000
1153;0.40000;0.10000;1.60000;1.40000
1154;0.50000;0.10000;2.20000;3.70000
1155;0.40000;0.20000;2.20000;8.00000
1156;0.00000;0.30000;1.20000;1.50000
1157;0.00000;0.20000;0.40000;1.00000
1158;1.70000;0.60000;13.20000;6.50000
1159;0.60000;0.80000;1.80000;8.80000
1160;0.00000;0.00000;4.40000;5.00000
1161;0.00000;0.00000;1.66667;20.00000
1162;0.00000;0.00000;0.80000;2.60000
1163;1.20000;0.00000;17.40000;3.40000
1164;2.10000;0.40000;16.80000;17.10000
1165;0.20000;0.00000;0.20000;0.80000
1166;3.90000;0.00000;12.70000;4.20000
1167;0.00000;0.00000;1.00000;0.60000
1168;0.00000;0.00000;0.60000;0.80000
1169;0.00000;0.00000;2.00000;1.80000
1170;0.00000;0.00000;2.31250;5.37500
1171;3.00000;1.80000;5.00000;9.60000
1172;0.00000;0.60000;1.40000;1.00000
1173;1.13333;0.00000;5.93333;10.00000
1174;0.00000;0.00000;10.20000;2.00000
1175;0.00000;0.00000;1.80000;4.40000
1176;0.00000;3.35294;2.70588;3.64706
1177;0.30000;0.00000;5.10000;2.50000
1178;0.40000;0.00000;2.20000;3.00000
1179;0.06667;0.20000;5.93333;6.93333
1180;0.00000;3.80000;11.40000;6.40000
1181;0.00000;24.40000;54.60000;5.80000
1182;0.20000;0.00000;2.00000;3.40000
1183;0.00000;0.00000;0.00000;0.40000
1184;0.00000;0.95000;0.95000;6.70000
1185;0.00000;0.40000;0.33333;1.80000
1186;0.00000;0.80000;7.00000;6.10000
1187;0.00000;3.60000;0.20000;4.80000
1188;0.00000;0.20000;0.70000;0.40000
1189;0.00000;0.00000;0.30000;1.40000
1190;0.00000;0.60000;7.60000;6.80000
1191;0.00000;0.60000;0.80000;4.40000
1192;0.20000;0.50000;2.15000;3.60000
1193;0.10000;8.40000;2.80000;2.70000
1194;0.00000;0.00000;0.40000;1.80000
1195;0.00000;0.40000;0.20000;1.00000
1196;0.00000;0.20000;0.20000;1.80000
1197;0.00000;0.00000;0.06667;0.73333
1198;0.00000;2.00000;1.80000;6.80000
1199;0.00000;1.96000;1.48000;5.64000
1200;0.00000;4.40000;11.00000;14.00000
1201;0.00000;2.71429;2.82857;6.85714
1202;0.00000;1.20000;0.00000;2.20000
1203;0.00000;5.73333;3.46667;13.60000
1204;0.00000;8.00000;3.80000;5.20000
1205;0.00000;7.40000;3.60000;0.80000
1206;0.20000;0.80000;1.40000;1.80000
1207;0.00000;1.20000;3.60000;3.20000
1208;0.00000;23.40000;1.00000;8.40000
1209;0.00000;14.40000;0.60000;4.40000
1210;0.00000;0.40000;0.60000;13.40000
1211;0.00000;0.90000;1.20000;2.80000
1212;0.00000;0.00000;0.00000;0.50000
1213;0.00000;2.40000;0.20000;1.60000
1214;0.00000;0.70000;0.50000;3.80000
1215;0.00000;1.80000;1.80000;3.20000
1216;0.00000;4.00000;1.00000;2.20000
1217;0.00000;9.80000;9.40000;7.80000
1218;0.10000;0.60000;0.60000;1.70000
1219;0.00000;1.20000;4.20000;9.60000
1220;0.00000;0.81818;2.36364;4.09091
1221;0.00000;0.80000;6.10000;6.00000
1222;0.12500;11.00000;4.50000;17.12500
1223;0.00000;1.40000;4.40000;6.60000
1224;0.00000;10.60000;1.40000;5.80000
1225;0.00000;0.66667;0.16667;0.00000
1226;0.00000;7.60000;1.20000;0.60000
1227;0.00000;13.40000;0.70000;1.80000
1228;0.00000;3.60000;0.00000;0.00000
1229;0.20000;3.20000;2.00000;3.40000
1230;0.60000;16.20000;1.80000;1.40000
1231;0.00000;11.20000;6.60000;3.80000
1232;0.00000;0.20000;0.00000;3.60000
1233;0.00000;3.70000;0.20000;3.90000
1234;0.00000;17.60000;3.80000;5.00000
1235;0.00000;1.40000;3.60000;6.00000
1236;0.00000;3.80000;0.00000;2.60000
1237;0.00000;7.10000;3.30000;5.00000
1238;0.00000;0.00000;0.20000;1.20000
1239;0.00000;6.80000;6.60000;4.40000
1240;3.00000;0.20000;2.00000;4.40000
1241;0.00000;3.00000;7.40000;2.00000
1242;0.00000;0.00000;11.40000;25.20000
1243;0.00000;6.80000;54.00000;12.80000
1244;0.00000;0.20000;0.40000;2.40000
1245;0.00000;0.00000;0.20000;0.60000
1246;0.00000;0.00000;11.40000;6.40000
1247;0.00000;1.00000;1.40000;5.60000
1248;1.40000;9.80000;22.20000;5.60000
1249;0.40000;0.10000;5.90000;5.60000
1250;0.16667;6.00000;1.00000;3.33333
1251;0.20000;0.00000;3.40000;0.20000
1252;0.00000;0.00000;4.00000;3.80000
1253;0.00000;0.10000;1.80000;4.40000
1254;1.60000;0.00000;2.40000;4.20000
1255;0.00000;6.20000;0.80000;4.40000
1256;0.10000;15.30000;0.50000;1.20000
1257;0.00000;3.80000;1.40000;5.60000
1258;0.00000;4.40000;3.20000;4.00000
1259;0.00000;11.00000;0.27273;2.36364
1260;0.00000;1.40000;0.20000;2.40000
1261;0.00000;0.60000;0.60000;3.80000
1262;0.00000;13.20000;1.80000;4.20000
1263;7.20000;10.20000;6.60000;2.80000
1264;0.00000;0.20000;3.20000;2.00000
1265;0.00000;0.00000;0.20000;0.00000
1266;0.00000;3.20000;0.80000;2.00000
1267;3.00000;10.20000;3.60000;1.40000
1268;0.20000;0.00000;1.60000;2.40000
1269;10.00000;0.20000;0.60000;0.20000
1270;0.00000;0.20000;13.40000;7.40000
1271;0.20000;0.60000;6.60000;4.00000
1272;0.00000;0.00000;0.20000;1.40000
1273;1.00000;10.20000;17.20000;5.00000
1274;0.00000;0.20000;6.00000;6.60000
1275;0.00000;3.20000;0.40000;0.20000
1276;0.00000;1.40000;2.40000;4.80000
1277;3.00000;5.40000;5.00000;8.80000
1278;0.00000;1.00000;0.80000;0.40000
1279;0.00000;0.80000;6.80000;1.20000
1280;0.00000;0.20000;0.60000;3.60000
1281;0.20000;0.00000;3.60000;1.00000
1282;0.00000;0.40000;0.40000;0.40000
1283;0.00000;0.20000;12.60000;44.40000
1284;0.00000;1.50000;25.30000;3.40000
1285;0.00000;1.20000;1.60000;5.20000
1286;0.20000;0.20000;27.20000;21.20000
1287;0.00000;0.20000;3.60000;1.20000
1288;0.00000;0.20000;1.80000;7.40000
1289;1.40000;0.60000;13.40000;12.20000
1290;4.20000;12.60000;26.00000;10.80000
1291;6.80000;16.60000;19.80000;1.80000
1292;0.00000;0.60000;0.80000;0.80000
1293;0.30000;0.00000;1.80000;1.20000
1294;0.20000;0.20000;13.80000;4.80000
1295;6.20000;32.80000;19.80000;4.80000
1296;0.00000;16.60000;14.20000;19.80000
1297;3.00000;9.80000;14.40000;7.60000
1298;0.00000;16.60000;11.40000;8.00000
1299;0.00000;0.00000;1.20000;1.00000
1300;0.00000;0.00000;19.20000;10.20000
1301;0.00000;0.00000;1.20000;6.80000
1302;7.40000;1.00000;7.80000;5.00000
1303;0.00000;0.00000;1.60000;2.40000
1304;0.00000;0.20000;2.40000;8.00000
1305;3.00000;0.20000;5.40000;8.80000
1306;1.00000;0.00000;5.40000;11.00000
1307;1.50000;0.10000;12.80000;7.30000
1308;0.00000;0.00000;3.40000;5.90000
1309;0.00000;0.00000;13.00000;16.20000
1310;0.00000;0.00000;13.80000;6.20000
1311;0.00000;0.00000;0.60000;1.60000
1312;0.80000;0.00000;29.60000;11.40000
1313;0.00000;0.00000;15.00000;20.00000
1314;1.20000;0.00000;10.20000;21.00000
1315;6.70000;0.00000;15.00000;5.70000
1316;0.00000;0.00000;7.40000;9.00000
1317;0.20000;0.00000;5.73333;3.26667
1318;0.00000;0.00000;0.20000;3.00000
1319;0.00000;0.00000;0.60000;1.80000
1320;0.00000;0.00000;0.60000;2.40000
1321;3.60000;0.00000;9.40000;3.20000
1322;0.60000;4.80000;5.40000;3.20000
1323;0.00000;0.00000;1.20000;2.00000
1324;0.00000;1.60000;17.60000;3.80000
1325;0.00000;0.20000;6.40000;12.20000
1326;0.00000;0.00000;1.00000;5.40000
1327;0.00000;3.00000;10.40000;1.60000
1328;0.20000;0.00000;0.60000;1.40000
1329;1.60000;0.10000;4.20000;5.20000
1330;2.00000;0.00000;7.80000;6.00000
1331;0.46667;0.00000;11.93333;7.93333
1332;0.60000;0.00000;5.40000;5.40000
1333;2.26667;0.00000;5.40000;7.40000
1334;4.80000;0.00000;16.20000;7.60000
1335;0.00000;0.00000;1.80000;2.80000
1336;3.00000;1.00000;2.60000;5.80000
1337;3.20000;0.40000;3.00000;9.60000
1338;10.00000;6.80000;5.00000;6.00000
1339;0.00000;0.00000;19.60000;12.80000
1340;3.60000;0.60000;13.80000;5.80000
1341;1.50000;0.70000;1.60000;2.10000
1342;0.00000;0.20000;0.80000;2.00000
1343;0.00000;0.00000;37.60000;16.20000
1344;0.60000;0.20000;28.73333;7.26667
1345;1.50000;0.10000;4.50000;6.10000
1346;0.30000;0.00000;9.60000;12.40000
1347;0.00000;0.00000;19.60000;22.00000
1348;3.20000;0.00000;9.80000;9.20000
1349;3.00000;0.00000;25.60000;20.80000
1350;0.00000;0.20000;5.00000;4.80000
1351;0.60000;0.00000;1.60000;1.80000
1352;20.60000;1.40000;6.80000;34.20000
1353;6.00000;0.20000;7.20000;8.00000
1354;26.80000;0.60000;29.40000;18.20000
1355;6.60000;52.00000;38.20000;24.20000
1356;6.60000;19.60000;5.40000;10.60000
1357;6.60000;51.60000;7.20000;13.20000
1358;0.00000;23.20000;29.20000;4.00000
1359;0.80000;54.60000;1.20000;18.80000
1360;0.00000;0.40000;1.80000;2.20000
1361;0.20000;0.00000;2.20000;0.80000
1362;0.00000;0.00000;1.40000;1.40000
1363;0.00000;0.00000;16.20000;36.60000
1364;3.00000;15.00000;37.60000;21.40000
1365;0.60000;0.00000;15.00000;15.20000
1366;7.20000;0.00000;22.20000;15.40000
1367;0.60000;0.60000;19.80000;5.40000
1368;16.80000;0.60000;25.60000;10.20000
1369;0.00000;0.80000;30.20000;6.80000
1370;0.80000;1.80000;16.40000;16.80000
1371;3.00000;0.60000;33.20000;3.40000
1372;0.60000;0.20000;13.40000;35.40000
1373;0.60000;0.00000;15.00000;8.60000
1374;1.00000;0.20000;29.20000;7.40000
1375;0.40000;8.40000;51.20000;9.60000
1376;0.20000;5.40000;28.66667;10.13333
1377;0.00000;1.73333;16.93333;4.13333
1378;0.00000;2.60000;26.80000;7.60000
1379;0.00000;2.20000;36.60000;2.60000
1380;0.00000;0.00000;0.40000;1.60000
1381;0.00000;4.20000;9.80000;2.20000
1382;0.40000;0.20000;22.60000;3.40000
1383;0.40000;0.20000;7.80000;2.00000
1384;0.20000;0.00000;26.40000;18.40000
1385;0.00000;0.40000;4.60000;1.80000
1386;0.00000;0.00000;2.20000;6.40000
1387;0.00000;1.00000;25.60000;1.00000
1388;1.10000;7.90000;26.40000;9.70000
1389;6.80000;7.60000;29.00000;3.80000
1390;0.40000;6.20000;35.50000;8.40000
1391;14.00000;0.90000;49.60000;15.10000
1392;3.40000;0.60000;20.80000;2.40000
1393;0.80000;4.60000;30.60000;3.60000
1394;0.00000;0.00000;15.80000;6.00000
1395;0.80000;0.20000;36.20000;12.60000
1396;6.20000;1.00000;17.40000;12.20000
1397;2.96000;1.00000;33.48000;15.84000
1398;0.20000;0.00000;5.40000;6.80000
1399;0.00000;12.90000;33.80000;6.10000
1400;0.20000;0.00000;29.20000;20.60000
1401;10.10000;1.00000;43.00000;18.10000
1402;0.00000;1.40000;3.00000;3.80000
1403;3.00000;0.20000;9.00000;5.40000
1404;0.00000;0.40000;40.00000;29.80000
1405;0.00000;0.00000;20.50000;11.10000
1406;0.60000;0.00000;15.00000;3.60000
1407;0.40000;0.00000;17.90000;13.90000
1408;0.20000;0.00000;19.80000;26.00000
1409;3.00000;0.00000;29.20000;15.00000
1410;7.20000;0.20000;23.20000;4.40000
1411;12.20000;0.40000;19.50000;3.50000
1412;0.00000;0.00000;22.30000;15.90000
1413;0.50000;0.30000;14.80000;10.30000
1414;0.20000;0.00000;7.20000;0.80000
1415;9.30000;0.10000;31.00000;24.60000
1416;0.00000;0.60000;33.00000;5.00000
1417;0.00000;0.00000;11.40000;5.60000
1418;1.50000;0.00000;15.60000;2.80000
1419;3.00000;0.00000;19.60000;5.60000
1420;0.00000;1.60000;43.60000;11.20000
1421;0.00000;0.00000;5.40000;3.00000
1422;0.20000;0.20000;13.40000;3.20000
